name,url
60 Degrees Pharmaceuticals,https://www.drugs.com/manufacturer/60-degrees-pharmaceuticals-llc-628.html
A-S Medication Solutions,https://www.drugs.com/manufacturer/a-s-medication-solutions-llc-255.html
A&Z Pharmaceutical,https://www.drugs.com/manufacturer/a-z-pharmaceutical-inc-468.html
Abbott Laboratories,https://www.drugs.com/manufacturer/abbott-laboratories-2.html
AbbVie,https://www.drugs.com/manufacturer/abbvie-inc-482.html
Acadia Pharmaceuticals,https://www.drugs.com/manufacturer/acadia-pharmaceuticals-inc-569.html
Accord Healthcare,https://www.drugs.com/manufacturer/accord-healthcare-inc-251.html
Accredo Health Group,https://www.drugs.com/manufacturer/accredo-health-group-inc-3.html
Acella Pharmaceuticals,https://www.drugs.com/manufacturer/acella-pharmaceuticals-llc-263.html
Acerus Pharmaceuticals Corporation,https://www.drugs.com/manufacturer/acerus-pharmaceuticals-corporation-502.html
Aclaris Therapeutics,https://www.drugs.com/manufacturer/aclaris-therapeutics-inc-615.html
Acorda Therapeutics,https://www.drugs.com/manufacturer/acorda-therapeutics-inc-4.html
Actavis Pharma,https://www.drugs.com/manufacturer/actavis-pharma-inc-5.html
Actelion Pharmaceuticals US,https://www.drugs.com/manufacturer/actelion-pharmaceuticals-us-inc-365.html
Acura Pharmaceuticals,https://www.drugs.com/manufacturer/acura-pharmaceuticals-inc-6.html
Adamas Pharmaceuticals,https://www.drugs.com/manufacturer/adamas-pharmaceuticals-inc-606.html
Adamis Pharmaceuticals Corporation,https://www.drugs.com/manufacturer/adamis-pharmaceuticals-corporation-599.html
Adolor Corporation,https://www.drugs.com/manufacturer/adolor-corporation-9.html
Advance Pharmaceutical,https://www.drugs.com/manufacturer/advance-pharmaceutical-inc-439.html
Aegerion Pharmaceuticals,https://www.drugs.com/manufacturer/aegerion-pharmaceuticals-inc-585.html
Aerie Pharmaceuticals,https://www.drugs.com/manufacturer/aerie-pharmaceuticals-inc-616.html
Aeterna Zentaris,https://www.drugs.com/manufacturer/aeterna-zentaris-inc-620.html
Agenus,https://www.drugs.com/manufacturer/agenus-inc-21.html
Agios Pharmaceuticals,https://www.drugs.com/manufacturer/agios-pharmaceuticals-inc-627.html
Ajanta Pharma USA,https://www.drugs.com/manufacturer/ajanta-pharma-usa-inc-648.html
Akorn,https://www.drugs.com/manufacturer/akorn-inc-11.html
Akrimax Pharmaceuticals,https://www.drugs.com/manufacturer/akrimax-pharmaceuticals-llc-349.html
Alaven Pharmaceuticals,https://www.drugs.com/manufacturer/alaven-pharmaceuticals-344.html
Alcon Laboratories,https://www.drugs.com/manufacturer/alcon-laboratories-inc-12.html
Alexion Pharmaceuticals,https://www.drugs.com/manufacturer/alexion-pharmaceuticals-inc-535.html
Alkermes,https://www.drugs.com/manufacturer/alkermes-inc-174.html
Allegis Pharmaceuticals,https://www.drugs.com/manufacturer/allegis-pharmaceuticals-llc-341.html
Allergan,https://www.drugs.com/manufacturer/allergan-plc-14.html
Alliance Pharma,https://www.drugs.com/manufacturer/alliance-pharma-plc-15.html
Almirall,https://www.drugs.com/manufacturer/almirall-llc-404.html
Alnylam Pharmaceuticals,https://www.drugs.com/manufacturer/alnylam-pharmaceuticals-inc-629.html
Alvogen,https://www.drugs.com/manufacturer/alvogen-inc-361.html
AMAG Pharmaceuticals,https://www.drugs.com/manufacturer/amag-pharmaceuticals-inc-17.html
American Regent,https://www.drugs.com/manufacturer/american-regent-inc-525.html
Amgen,https://www.drugs.com/manufacturer/amgen-inc-18.html
Amicus Therapeutics,https://www.drugs.com/manufacturer/amicus-therapeutics-inc-630.html
Amneal Pharmaceuticals,https://www.drugs.com/manufacturer/amneal-pharmaceuticals-llc-19.html
Amylin Pharmaceuticals,https://www.drugs.com/manufacturer/amylin-pharmaceuticals-inc-20.html
Anacor Pharmaceuticals,https://www.drugs.com/manufacturer/anacor-pharmaceuticals-inc-518.html
Anchen Pharmaceuticals,https://www.drugs.com/manufacturer/anchen-pharmaceuticals-inc-249.html
Andrx Pharmaceuticals,https://www.drugs.com/manufacturer/andrx-pharmaceuticals-307.html
ANI Pharmaceuticals,https://www.drugs.com/manufacturer/ani-pharmaceuticals-inc-552.html
Anika Therapeutics,https://www.drugs.com/manufacturer/anika-therapeutics-inc-485.html
Apotex Corp.,https://www.drugs.com/manufacturer/apotex-corp-22.html
Aprecia Pharmaceuticals,https://www.drugs.com/manufacturer/aprecia-pharmaceuticals-llc-533.html
Apricus Biosciences,https://www.drugs.com/manufacturer/apricus-biosciences-inc-97.html
Aptalis,https://www.drugs.com/manufacturer/aptalis-510.html
Aralez Pharmaceuticals,https://www.drugs.com/manufacturer/aralez-pharmaceuticals-inc-586.html
Arbor Pharmaceuticals,https://www.drugs.com/manufacturer/arbor-pharmaceuticals-llc-489.html
ARCA Biopharma,https://www.drugs.com/manufacturer/arca-biopharma-inc-23.html
Array BioPharma,https://www.drugs.com/manufacturer/array-biopharma-inc-626.html
Ascend Laboratories,https://www.drugs.com/manufacturer/ascend-laboratories-llc-262.html
Ascent Pharmaceuticals,https://www.drugs.com/manufacturer/ascent-pharmaceuticals-inc-646.html
Asklepion Pharmaceuticals,https://www.drugs.com/manufacturer/asklepion-pharmaceuticals-llc-528.html
Assertio Therapeutics,https://www.drugs.com/manufacturer/assertio-therapeutics-inc-396.html
Astellas Pharma US,https://www.drugs.com/manufacturer/astellas-pharma-us-inc-24.html
Astex Pharmaceuticals,https://www.drugs.com/manufacturer/astex-pharmaceuticals-inc-136.html
AstraZeneca,https://www.drugs.com/manufacturer/astrazeneca-25.html
Aton Pharma,https://www.drugs.com/manufacturer/aton-pharma-inc-513.html
Aurobindo Pharma Limited,https://www.drugs.com/manufacturer/aurobindo-pharma-limited-201.html
Avanir Pharmaceuticals,https://www.drugs.com/manufacturer/avanir-pharmaceuticals-inc-228.html
Avella Specialty Pharmacy,https://www.drugs.com/manufacturer/avella-specialty-pharmacy-237.html
Avion Pharmaceuticals,https://www.drugs.com/manufacturer/avion-pharmaceuticals-llc-618.html
AvKare,https://www.drugs.com/manufacturer/avkare-inc-428.html
Axcan Pharma,https://www.drugs.com/manufacturer/axcan-pharma-175.html
Aytu BioScience,https://www.drugs.com/manufacturer/aytu-bioscience-inc-99.html
Azurity Pharmaceuticals,https://www.drugs.com/manufacturer/azurity-pharmaceuticals-inc-580.html
B.F. Ascher & Company,https://www.drugs.com/manufacturer/b-f-ascher-amp-company-inc-351.html
Barr Laboratories,https://www.drugs.com/manufacturer/barr-laboratories-inc-200.html
Bausch & Lomb,https://www.drugs.com/manufacturer/bausch-lomb-inc-27.html
Bausch Health Companies,https://www.drugs.com/manufacturer/bausch-health-companies-inc-147.html
Baxalta Incorporated,https://www.drugs.com/manufacturer/baxalta-incorporated-555.html
Baxter International,https://www.drugs.com/manufacturer/baxter-international-inc-26.html
Bayer Healthcare Consumer Care,https://www.drugs.com/manufacturer/bayer-healthcare-consumer-care-520.html
Bayer HealthCare Pharmaceuticals,https://www.drugs.com/manufacturer/bayer-healthcare-pharmaceuticals-inc-28.html
Bayshore Pharmaceuticals,https://www.drugs.com/manufacturer/bayshore-pharmaceuticals-llc-500.html
BD Rx,https://www.drugs.com/manufacturer/bd-rx-inc-496.html
Benuvia Therapeutics,https://www.drugs.com/manufacturer/benuvia-therapeutics-inc-578.html
BioDelivery Sciences International,https://www.drugs.com/manufacturer/biodelivery-sciences-international-inc-29.html
Biofrontera AG,https://www.drugs.com/manufacturer/biofrontera-ag-570.html
Biogen,https://www.drugs.com/manufacturer/biogen-inc-30.html
BioMarin Pharmaceutical,https://www.drugs.com/manufacturer/biomarin-pharmaceutical-inc-448.html
Bionpharma,https://www.drugs.com/manufacturer/bionpharma-inc-551.html
Biovail Corporation,https://www.drugs.com/manufacturer/biovail-corporation-172.html
Blu Pharmaceuticals,https://www.drugs.com/manufacturer/blu-pharmaceuticals-llc-254.html
Blue Earth Diagnostics,https://www.drugs.com/manufacturer/blue-earth-diagnostics-ltd-571.html
Boehringer Ingelheim Pharmaceuticals,https://www.drugs.com/manufacturer/boehringer-ingelheim-pharmaceuticals-inc-31.html
Braintree Laboratories,https://www.drugs.com/manufacturer/braintree-laboratories-inc-415.html
Breckenridge Pharmaceutical,https://www.drugs.com/manufacturer/breckenridge-pharmaceutical-inc-32.html
Bristol-Myers Squibb Company,https://www.drugs.com/manufacturer/bristol-myers-squibb-company-33.html
Camber Pharmaceuticals,https://www.drugs.com/manufacturer/camber-pharmaceuticals-inc-219.html
Capellon Pharmaceuticals,https://www.drugs.com/manufacturer/capellon-pharmaceuticals-llc-295.html
Caraco Pharmaceutical Laboratories,https://www.drugs.com/manufacturer/caraco-pharmaceutical-laboratories-ltd-34.html
Cardinal Health,https://www.drugs.com/manufacturer/cardinal-health-493.html
Carlsbad Technology,https://www.drugs.com/manufacturer/carlsbad-technology-inc-289.html
Celgene Corporation,https://www.drugs.com/manufacturer/celgene-corporation-170.html
Celltrion,https://www.drugs.com/manufacturer/celltrion-inc-566.html
Centrix Pharmaceutical,https://www.drugs.com/manufacturer/centrix-pharmaceutical-inc-252.html
Cephalon,https://www.drugs.com/manufacturer/cephalon-inc-36.html
Chain Drug Marketing Association,https://www.drugs.com/manufacturer/chain-drug-marketing-association-471.html
Chattem,https://www.drugs.com/manufacturer/chattem-inc-373.html
Chelsea Therapeutics,https://www.drugs.com/manufacturer/chelsea-therapeutics-483.html
Chiesi USA,https://www.drugs.com/manufacturer/chiesi-usa-inc-311.html
Chugai Pharma USA,https://www.drugs.com/manufacturer/chugai-pharma-usa-inc-37.html
Cipla USA,https://www.drugs.com/manufacturer/cipla-usa-inc-605.html
Clovis Oncology,https://www.drugs.com/manufacturer/clovis-oncology-inc-589.html
Cobalt Laboratories,https://www.drugs.com/manufacturer/cobalt-laboratories-inc-38.html
Coherus BioSciences,https://www.drugs.com/manufacturer/coherus-biosciences-inc-649.html
Colgate Oral Pharmaceuticals,https://www.drugs.com/manufacturer/colgate-oral-pharmaceuticals-363.html
Collegium Pharmaceutical,https://www.drugs.com/manufacturer/collegium-pharmaceutical-inc-39.html
Concordia Pharmaceuticals,https://www.drugs.com/manufacturer/concordia-pharmaceuticals-inc-247.html
CordenPharma International,https://www.drugs.com/manufacturer/cordenpharma-international-526.html
CorePharma,https://www.drugs.com/manufacturer/corepharma-llc-211.html
Covis Pharmaceuticals,https://www.drugs.com/manufacturer/covis-pharmaceuticals-inc-647.html
Crealta Pharmaceuticals,https://www.drugs.com/manufacturer/crealta-pharmaceuticals-llc-603.html
CSL Behring,https://www.drugs.com/manufacturer/csl-behring-40.html
Cubist Pharmaceuticals,https://www.drugs.com/manufacturer/cubist-pharmaceuticals-inc-511.html
Cumberland Pharmaceuticals,https://www.drugs.com/manufacturer/cumberland-pharmaceuticals-inc-641.html
Currax Pharmaceuticals,https://www.drugs.com/manufacturer/currax-pharmaceuticals-llc-387.html
Cypress Pharmaceutical,https://www.drugs.com/manufacturer/cypress-pharmaceutical-inc-279.html
Daiichi Sankyo,https://www.drugs.com/manufacturer/daiichi-sankyo-165.html
DAVA Pharmaceuticals,https://www.drugs.com/manufacturer/dava-pharmaceuticals-inc-42.html
Dey Pharma,https://www.drugs.com/manufacturer/dey-pharma-43.html
Digestive Care,https://www.drugs.com/manufacturer/digestive-care-inc-44.html
Dr. Reddy's Laboratories,https://www.drugs.com/manufacturer/dr-reddy-s-laboratories-inc-47.html
Ducere Pharma,https://www.drugs.com/manufacturer/ducere-pharma-llc-509.html
Durata Therapeutics,https://www.drugs.com/manufacturer/durata-therapeutics-inc-494.html
Dyax Corp,https://www.drugs.com/manufacturer/dyax-corp-48.html
Dynavax Technologies Corporation,https://www.drugs.com/manufacturer/dynavax-technologies-corporation-611.html
Eagle Pharmaceuticals,https://www.drugs.com/manufacturer/eagle-pharmaceuticals-inc-522.html
Edwards Pharmaceuticals,https://www.drugs.com/manufacturer/edwards-pharmaceuticals-253.html
Egalet Corporation,https://www.drugs.com/manufacturer/egalet-corporation-590.html
Eisai,https://www.drugs.com/manufacturer/eisai-inc-49.html
Elan Corporation,https://www.drugs.com/manufacturer/elan-corporation-plc-50.html
Eli Lilly and Company,https://www.drugs.com/manufacturer/eli-lilly-and-company-81.html
Elorac,https://www.drugs.com/manufacturer/elorac-inc-182.html
Elusys Therapeutics,https://www.drugs.com/manufacturer/elusys-therapeutics-inc-565.html
EMD Serono,https://www.drugs.com/manufacturer/emd-serono-inc-464.html
Emergent BioSolutions,https://www.drugs.com/manufacturer/emergent-biosolutions-inc-556.html
Encore Dermatology,https://www.drugs.com/manufacturer/encore-dermatology-inc-640.html
Endo Pharmaceuticals,https://www.drugs.com/manufacturer/endo-pharmaceuticals-inc-51.html
EPI Health,https://www.drugs.com/manufacturer/epi-health-inc-639.html
Epic Pharma,https://www.drugs.com/manufacturer/epic-pharma-llc-362.html
Espero Biopharma,https://www.drugs.com/manufacturer/espero-biopharma-575.html
EUSA Pharma,https://www.drugs.com/manufacturer/eusa-pharma-55.html
Excellium Pharmaceutical,https://www.drugs.com/manufacturer/excellium-pharmaceutical-inc-265.html
Exelixis,https://www.drugs.com/manufacturer/exelixis-inc-567.html
Exeltis USA,https://www.drugs.com/manufacturer/exeltis-usa-inc-270.html
Fera Pharmaceuticals,https://www.drugs.com/manufacturer/fera-pharmaceuticals-245.html
Ferring Pharmaceuticals,https://www.drugs.com/manufacturer/ferring-pharmaceuticals-inc-176.html
Fibrocell Science,https://www.drugs.com/manufacturer/fibrocell-science-inc-554.html
Flamel Technologies,https://www.drugs.com/manufacturer/flamel-technologies-519.html
Flexion Therapeutics,https://www.drugs.com/manufacturer/flexion-therapeutics-inc-609.html
Forest Laboratories,https://www.drugs.com/manufacturer/forest-laboratories-llc-56.html
Fresenius Kabi USA,https://www.drugs.com/manufacturer/fresenius-kabi-usa-llc-490.html
Fresenius Medical Care,https://www.drugs.com/manufacturer/fresenius-medical-care-183.html
G.D. Searle,https://www.drugs.com/manufacturer/g-d-searle-llc-507.html
Galderma Laboratories,https://www.drugs.com/manufacturer/galderma-laboratories-l-p-171.html
Galectin Therapeutics,https://www.drugs.com/manufacturer/galectin-therapeutics-inc-118.html
Gavis Pharmaceuticals,https://www.drugs.com/manufacturer/gavis-pharmaceuticals-llc-326.html
Gemini Laboratories,https://www.drugs.com/manufacturer/gemini-laboratories-604.html
Gemini Pharmaceuticals,https://www.drugs.com/manufacturer/gemini-pharmaceuticals-516.html
Genentech,https://www.drugs.com/manufacturer/genentech-inc-57.html
Genpharm,https://www.drugs.com/manufacturer/genpharm-358.html
Gentex Pharma,https://www.drugs.com/manufacturer/gentex-pharma-229.html
Genzyme Corporation,https://www.drugs.com/manufacturer/genzyme-corporation-59.html
Geron Corporation,https://www.drugs.com/manufacturer/geron-corporation-60.html
Gilead Sciences,https://www.drugs.com/manufacturer/gilead-sciences-inc-61.html
GlaxoSmithKline,https://www.drugs.com/manufacturer/glaxosmithkline-62.html
GlaxoSmithKline Consumer Healthcare,https://www.drugs.com/manufacturer/glaxosmithkline-consumer-healthcare-lp-514.html
Glenmark Pharmaceuticals,https://www.drugs.com/manufacturer/glenmark-pharmaceuticals-inc-258.html
Global Pharmaceuticals,https://www.drugs.com/manufacturer/global-pharmaceuticals-63.html
Graceway Pharmaceuticals,https://www.drugs.com/manufacturer/graceway-pharmaceuticals-llc-166.html
Grifols USA,https://www.drugs.com/manufacturer/grifols-usa-llc-521.html
"GTx, Inc.",https://www.drugs.com/manufacturer/gtx-inc-66.html
Halozyme Therapeutics,https://www.drugs.com/manufacturer/halozyme-therapeutics-inc-537.html
Helix BioPharma Corp,https://www.drugs.com/manufacturer/helix-biopharma-corp-67.html
Helsinn Healthcare SA,https://www.drugs.com/manufacturer/helsinn-healthcare-sa-624.html
Hemispherx Biopharma,https://www.drugs.com/manufacturer/hemispherx-biopharma-inc-156.html
Heritage Pharmaceuticals,https://www.drugs.com/manufacturer/heritage-pharmaceuticals-inc-188.html
Heron Therapeutics,https://www.drugs.com/manufacturer/heron-therapeutics-inc-582.html
Hikma Pharmaceuticals USA,https://www.drugs.com/manufacturer/hikma-pharmaceuticals-usa-inc-495.html
Hill Dermaceuticals,https://www.drugs.com/manufacturer/hill-dermaceuticals-inc-543.html
Hillestad Pharmaceuticals,https://www.drugs.com/manufacturer/hillestad-pharmaceuticals-inc-441.html
Hope Pharmaceuticals,https://www.drugs.com/manufacturer/hope-pharmaceuticals-233.html
Hospira,https://www.drugs.com/manufacturer/hospira-inc-177.html
IBSA Pharma,https://www.drugs.com/manufacturer/ibsa-pharma-inc-638.html
Ilex Consumer Products Group,https://www.drugs.com/manufacturer/ilex-consumer-products-group-inc-504.html
Impax Laboratories,https://www.drugs.com/manufacturer/impax-laboratories-inc-69.html
Incyte Corporation,https://www.drugs.com/manufacturer/incyte-corporation-70.html
Indivior,https://www.drugs.com/manufacturer/indivior-inc-612.html
Inspirion Delivery Sciences,https://www.drugs.com/manufacturer/inspirion-delivery-sciences-546.html
Intercept Pharmaceuticals,https://www.drugs.com/manufacturer/intercept-pharmaceuticals-inc-574.html
Interpharm Holdings,https://www.drugs.com/manufacturer/interpharm-holdings-inc-71.html
Intersect ENT,https://www.drugs.com/manufacturer/intersect-ent-inc-613.html
Ionis Pharmaceuticals,https://www.drugs.com/manufacturer/ionis-pharmaceuticals-inc-72.html
Ipsen Biopharmaceuticals,https://www.drugs.com/manufacturer/ipsen-biopharmaceuticals-inc-581.html
Iroko Pharmaceuticals,https://www.drugs.com/manufacturer/iroko-pharmaceuticals-llc-484.html
Ironwood Pharmaceuticals,https://www.drugs.com/manufacturer/ironwood-pharmaceuticals-inc-568.html
ISTA Pharmaceuticals,https://www.drugs.com/manufacturer/ista-pharmaceuticals-inc-73.html
Ivax Pharmaceuticals,https://www.drugs.com/manufacturer/ivax-pharmaceuticals-inc-236.html
Janssen Biotech,https://www.drugs.com/manufacturer/janssen-biotech-inc-35.html
Janssen Pharmaceuticals,https://www.drugs.com/manufacturer/janssen-pharmaceuticals-inc-74.html
Jazz Pharmaceuticals,https://www.drugs.com/manufacturer/jazz-pharmaceuticals-plc-398.html
JHP Pharmaceuticals,https://www.drugs.com/manufacturer/jhp-pharmaceuticals-llc-505.html
Johnson & Johnson Consumer,https://www.drugs.com/manufacturer/johnson-amp-johnson-consumer-inc-75.html
Jubilant Cadista Pharmaceuticals,https://www.drugs.com/manufacturer/jubilant-cadista-pharmaceuticals-inc-217.html
K-V Pharmaceutical Company,https://www.drugs.com/manufacturer/k-v-pharmaceutical-company-77.html
Kadmon Corporation,https://www.drugs.com/manufacturer/kadmon-corporation-llc-143.html
Kaleo,https://www.drugs.com/manufacturer/kaleo-inc-487.html
Kedrion Biopharma,https://www.drugs.com/manufacturer/kedrion-biopharma-inc-523.html
KemPharm,https://www.drugs.com/manufacturer/kempharm-inc-622.html
Keryx Biopharmaceuticals,https://www.drugs.com/manufacturer/keryx-biopharmaceuticals-inc-588.html
King Pharmaceuticals,https://www.drugs.com/manufacturer/king-pharmaceuticals-inc-76.html
Kowa Pharmaceuticals America,https://www.drugs.com/manufacturer/kowa-pharmaceuticals-america-inc-213.html
Kremers Urban Pharmaceuticals,https://www.drugs.com/manufacturer/kremers-urban-pharmaceuticals-inc-282.html
KVK-Tech,https://www.drugs.com/manufacturer/kvk-tech-inc-78.html
Kyowa Kirin,https://www.drugs.com/manufacturer/kyowa-kirin-inc-79.html
Kythera Biopharmaceuticals,https://www.drugs.com/manufacturer/kythera-biopharmaceuticals-inc-532.html
La Jolla Pharmaceutical Company,https://www.drugs.com/manufacturer/la-jolla-pharmaceutical-company-617.html
Lannett Company,https://www.drugs.com/manufacturer/lannett-company-inc-80.html
Larken Laboratories,https://www.drugs.com/manufacturer/larken-laboratories-inc-383.html
Laser Pharmaceuticals,https://www.drugs.com/manufacturer/laser-pharmaceuticals-llc-317.html
Leadiant Biosciences,https://www.drugs.com/manufacturer/leadiant-biosciences-inc-632.html
Leading Pharma,https://www.drugs.com/manufacturer/leading-pharma-llc-584.html
LEO Pharma,https://www.drugs.com/manufacturer/leo-pharma-inc-547.html
Lexicon Pharmaceuticals,https://www.drugs.com/manufacturer/lexicon-pharmaceuticals-inc-592.html
Libertas Pharma,https://www.drugs.com/manufacturer/libertas-pharma-447.html
Loxo Oncology,https://www.drugs.com/manufacturer/loxo-oncology-inc-634.html
Luitpold Pharmaceuticals,https://www.drugs.com/manufacturer/luitpold-pharmaceuticals-inc-82.html
Lundbeck,https://www.drugs.com/manufacturer/lundbeck-inc-83.html
Lupin Pharmaceuticals,https://www.drugs.com/manufacturer/lupin-pharmaceuticals-inc-84.html
Macleods Pharmaceuticals Limited,https://www.drugs.com/manufacturer/macleods-pharmaceuticals-limited-491.html
Major Pharmaceuticals,https://www.drugs.com/manufacturer/major-pharmaceuticals-189.html
Mallinckrodt,https://www.drugs.com/manufacturer/mallinckrodt-inc-85.html
Marathon Pharmaceuticals,https://www.drugs.com/manufacturer/marathon-pharmaceuticals-llc-536.html
Martin Ekwealor Pharmceuticals,https://www.drugs.com/manufacturer/martin-ekwealor-pharmceuticals-inc-161.html
Mayne Pharma US,https://www.drugs.com/manufacturer/mayne-pharma-us-635.html
McNeil Consumer Healthcare,https://www.drugs.com/manufacturer/mcneil-consumer-healthcare-481.html
MCR American Pharmaceuticals,https://www.drugs.com/manufacturer/mcr-american-pharmaceuticals-inc-280.html
Mead Johnson & Company,https://www.drugs.com/manufacturer/mead-johnson-amp-company-llc-527.html
Meda U.S.,https://www.drugs.com/manufacturer/meda-u-s-87.html
Medac Pharma,https://www.drugs.com/manufacturer/medac-pharma-inc-517.html
Medicis Pharmaceutical Corporation,https://www.drugs.com/manufacturer/medicis-pharmaceutical-corporation-88.html
Medicure,https://www.drugs.com/manufacturer/medicure-inc-530.html
Medimetriks Pharmaceuticals,https://www.drugs.com/manufacturer/medimetriks-pharmaceuticals-inc-614.html
MedImmune,https://www.drugs.com/manufacturer/medimmune-inc-90.html
MediQuest Therapeutics,https://www.drugs.com/manufacturer/mediquest-therapeutics-inc-89.html
Melinta Therapeutics,https://www.drugs.com/manufacturer/melinta-therapeutics-600.html
Merck,https://www.drugs.com/manufacturer/merck-91.html
Merck Consumer Care,https://www.drugs.com/manufacturer/merck-consumer-care-512.html
Merrimack Pharmaceuticals,https://www.drugs.com/manufacturer/merrimack-pharmaceuticals-inc-550.html
Molnlycke Healthcare,https://www.drugs.com/manufacturer/molnlycke-healthcare-524.html
Morton Grove Pharmaceuticals,https://www.drugs.com/manufacturer/morton-grove-pharmaceuticals-inc-92.html
Motif Bio,https://www.drugs.com/manufacturer/motif-bio-plc-564.html
Mylan Pharmaceuticals,https://www.drugs.com/manufacturer/mylan-pharmaceuticals-inc-93.html
Nagase America Corp.,https://www.drugs.com/manufacturer/nagase-america-corp-94.html
Napo Pharmaceuticals,https://www.drugs.com/manufacturer/napo-pharmaceuticals-inc-572.html
Neos Therapeutics,https://www.drugs.com/manufacturer/neos-therapeutics-inc-560.html
Nestle Healthcare Nutrition,https://www.drugs.com/manufacturer/nestle-healthcare-nutrition-inc-645.html
Neurocrine Biosciences,https://www.drugs.com/manufacturer/neurocrine-biosciences-inc-95.html
NeurogesX,https://www.drugs.com/manufacturer/neurogesx-inc-96.html
New Haven Pharmaceuticals,https://www.drugs.com/manufacturer/new-haven-pharmaceuticals-inc-541.html
Newron Pharmaceuticals US,https://www.drugs.com/manufacturer/newron-pharmaceuticals-us-inc-594.html
Nicox Ophthalmics,https://www.drugs.com/manufacturer/nicox-ophthalmics-inc-597.html
Nivagen Pharmaceuticals,https://www.drugs.com/manufacturer/nivagen-pharmaceuticals-inc-562.html
NorthStar Rx,https://www.drugs.com/manufacturer/northstar-rx-llc-187.html
Nostrum Laboratories,https://www.drugs.com/manufacturer/nostrum-laboratories-inc-314.html
Novartis Consumer Health,https://www.drugs.com/manufacturer/novartis-consumer-health-508.html
Novartis Pharmaceuticals Corporation,https://www.drugs.com/manufacturer/novartis-pharmaceuticals-corporation-100.html
Noven Pharmaceuticals,https://www.drugs.com/manufacturer/noven-pharmaceuticals-inc-101.html
Novo Nordisk,https://www.drugs.com/manufacturer/novo-nordisk-102.html
Nycomed,https://www.drugs.com/manufacturer/nycomed-173.html
Oasis Medical,https://www.drugs.com/manufacturer/oasis-medical-inc-515.html
Octapharma USA,https://www.drugs.com/manufacturer/octapharma-usa-inc-542.html
Omeros Corporation,https://www.drugs.com/manufacturer/omeros-corporation-503.html
OncoGenex Pharmaceuticals,https://www.drugs.com/manufacturer/oncogenex-pharmaceuticals-inc-103.html
Onyx Pharmaceuticals,https://www.drugs.com/manufacturer/onyx-pharmaceuticals-inc-104.html
OPKO Health,https://www.drugs.com/manufacturer/opko-health-inc-577.html
Optinose US,https://www.drugs.com/manufacturer/optinose-us-inc-608.html
Orgenesis,https://www.drugs.com/manufacturer/orgenesis-inc-13.html
Ortho Dermatologics,https://www.drugs.com/manufacturer/ortho-dermatologics-636.html
Ortho-McNeil Pharmaceutical,https://www.drugs.com/manufacturer/ortho-mcneil-pharmaceutical-llc-105.html
Osiris Therapeutics,https://www.drugs.com/manufacturer/osiris-therapeutics-inc-106.html
Osmotica Pharmaceuticals,https://www.drugs.com/manufacturer/osmotica-pharmaceuticals-plc-621.html
Othera Pharmaceuticals,https://www.drugs.com/manufacturer/othera-pharmaceuticals-inc-107.html
Otonomy,https://www.drugs.com/manufacturer/otonomy-inc-558.html
Otsuka Pharmaceutical Co.,https://www.drugs.com/manufacturer/otsuka-pharmaceutical-co-ltd-178.html
OWP Pharmaceuticals,https://www.drugs.com/manufacturer/owp-pharmaceuticals-inc-561.html
Oasis Medical,https://www.drugs.com/manufacturer/oasis-medical-inc-515.html
Octapharma USA,https://www.drugs.com/manufacturer/octapharma-usa-inc-542.html
Omeros Corporation,https://www.drugs.com/manufacturer/omeros-corporation-503.html
OncoGenex Pharmaceuticals,https://www.drugs.com/manufacturer/oncogenex-pharmaceuticals-inc-103.html
Onyx Pharmaceuticals,https://www.drugs.com/manufacturer/onyx-pharmaceuticals-inc-104.html
OPKO Health,https://www.drugs.com/manufacturer/opko-health-inc-577.html
Optinose US,https://www.drugs.com/manufacturer/optinose-us-inc-608.html
Orgenesis,https://www.drugs.com/manufacturer/orgenesis-inc-13.html
Ortho Dermatologics,https://www.drugs.com/manufacturer/ortho-dermatologics-636.html
Ortho-McNeil Pharmaceutical,https://www.drugs.com/manufacturer/ortho-mcneil-pharmaceutical-llc-105.html
Osiris Therapeutics,https://www.drugs.com/manufacturer/osiris-therapeutics-inc-106.html
Osmotica Pharmaceuticals,https://www.drugs.com/manufacturer/osmotica-pharmaceuticals-plc-621.html
Othera Pharmaceuticals,https://www.drugs.com/manufacturer/othera-pharmaceuticals-inc-107.html
Otonomy,https://www.drugs.com/manufacturer/otonomy-inc-558.html
Otsuka Pharmaceutical Co.,https://www.drugs.com/manufacturer/otsuka-pharmaceutical-co-ltd-178.html
OWP Pharmaceuticals,https://www.drugs.com/manufacturer/owp-pharmaceuticals-inc-561.html
Paddock Laboratories,https://www.drugs.com/manufacturer/paddock-laboratories-inc-108.html
Pain Therapeutics,https://www.drugs.com/manufacturer/pain-therapeutics-inc-109.html
Paladin Labs,https://www.drugs.com/manufacturer/paladin-labs-inc-486.html
Par Pharmaceutical,https://www.drugs.com/manufacturer/par-pharmaceutical-inc-110.html
Paratek Pharmaceuticals,https://www.drugs.com/manufacturer/paratek-pharmaceuticals-inc-142.html
PaxVax,https://www.drugs.com/manufacturer/paxvax-inc-576.html
PDL BioPharma,https://www.drugs.com/manufacturer/pdl-biopharma-inc-111.html
Perrigo Company,https://www.drugs.com/manufacturer/perrigo-company-112.html
Pfizer,https://www.drugs.com/manufacturer/pfizer-inc-113.html
Pharmacyclics,https://www.drugs.com/manufacturer/pharmacyclics-inc-114.html
Pierre Fabre Pharmaceuticals,https://www.drugs.com/manufacturer/pierre-fabre-pharmaceuticals-inc-184.html
Piramal Healthcare,https://www.drugs.com/manufacturer/piramal-healthcare-488.html
Pliva,https://www.drugs.com/manufacturer/pliva-179.html
Portola Pharmaceuticals,https://www.drugs.com/manufacturer/portola-pharmaceuticals-inc-601.html
Pozen,https://www.drugs.com/manufacturer/pozen-inc-115.html
Prasco Laboratories,https://www.drugs.com/manufacturer/prasco-laboratories-190.html
Prestige Brands,https://www.drugs.com/manufacturer/prestige-brands-498.html
Procter & Gamble,https://www.drugs.com/manufacturer/procter-amp-gamble-116.html
Progenics Pharmaceuticals,https://www.drugs.com/manufacturer/progenics-pharmaceuticals-inc-117.html
Promius Pharma,https://www.drugs.com/manufacturer/promius-pharma-llc-422.html
PTC Therapeutics,https://www.drugs.com/manufacturer/ptc-therapeutics-inc-596.html
Puma Biotechnology,https://www.drugs.com/manufacturer/puma-biotechnology-inc-602.html
PuraCap Pharmaceutical,https://www.drugs.com/manufacturer/puracap-pharmaceutical-llc-637.html
Purdue Pharma,https://www.drugs.com/manufacturer/purdue-pharma-lp-160.html
Radius Health,https://www.drugs.com/manufacturer/radius-health-inc-598.html
Ranbaxy Pharmaceuticals,https://www.drugs.com/manufacturer/ranbaxy-pharmaceuticals-inc-120.html
Reckitt Benckiser Pharmaceuticals,https://www.drugs.com/manufacturer/reckitt-benckiser-pharmaceuticals-inc-162.html
Regeneron Pharmaceuticals,https://www.drugs.com/manufacturer/regeneron-pharmaceuticals-inc-643.html
Revive Personal Products,https://www.drugs.com/manufacturer/revive-personal-products-inc-501.html
REVO Biologics,https://www.drugs.com/manufacturer/revo-biologics-inc-65.html
Rigel Pharmaceuticals,https://www.drugs.com/manufacturer/rigel-pharmaceuticals-inc-623.html
Rising Pharmaceuticals,https://www.drugs.com/manufacturer/rising-pharmaceuticals-inc-218.html
Roche,https://www.drugs.com/manufacturer/roche-121.html
Roxane Laboratories,https://www.drugs.com/manufacturer/roxane-laboratories-inc-122.html
Roxro Pharma,https://www.drugs.com/manufacturer/roxro-pharma-inc-123.html
Salix Pharmaceuticals,https://www.drugs.com/manufacturer/salix-pharmaceuticals-inc-124.html
Samsung Bioepis Co.,https://www.drugs.com/manufacturer/samsung-bioepis-co-ltd-595.html
Sandoz,https://www.drugs.com/manufacturer/sandoz-inc-125.html
Sanofi,https://www.drugs.com/manufacturer/sanofi-126.html
Santarus,https://www.drugs.com/manufacturer/santarus-inc-169.html
Sarepta Therapeutics,https://www.drugs.com/manufacturer/sarepta-therapeutics-587.html
Savient Pharmaceuticals,https://www.drugs.com/manufacturer/savient-pharmaceuticals-inc-127.html
Schering-Plough Corporation,https://www.drugs.com/manufacturer/schering-plough-corporation-128.html
Sebela Pharmaceuticals,https://www.drugs.com/manufacturer/sebela-pharmaceuticals-inc-583.html
Secura Bio,https://www.drugs.com/manufacturer/secura-bio-inc-644.html
Sepracor,https://www.drugs.com/manufacturer/sepracor-inc-163.html
Seqirus,https://www.drugs.com/manufacturer/seqirus-557.html
Serenity Pharmaceuticals,https://www.drugs.com/manufacturer/serenity-pharmaceuticals-llc-593.html
Shionogi,https://www.drugs.com/manufacturer/shionogi-inc-129.html
Shire plc,https://www.drugs.com/manufacturer/shire-plc-164.html
SIGA Technologies,https://www.drugs.com/manufacturer/siga-technologies-inc-130.html
Sigma-Tau Pharmaceuticals,https://www.drugs.com/manufacturer/sigma-tau-pharmaceuticals-inc-180.html
Sirion Therapeutics,https://www.drugs.com/manufacturer/sirion-therapeutics-inc-131.html
Solco Healthcare US,https://www.drugs.com/manufacturer/solco-healthcare-us-llc-310.html
Soligenix,https://www.drugs.com/manufacturer/soligenix-inc-46.html
Solvay Pharmaceuticals,https://www.drugs.com/manufacturer/solvay-pharmaceuticals-inc-132.html
Somaxon Pharmaceuticals,https://www.drugs.com/manufacturer/somaxon-pharmaceuticals-inc-133.html
Spark Therapeutics,https://www.drugs.com/manufacturer/spark-therapeutics-inc-619.html
Spear Pharmaceuticals,https://www.drugs.com/manufacturer/spear-pharmaceuticals-531.html
Spectrum Pharmaceuticals,https://www.drugs.com/manufacturer/spectrum-pharmaceuticals-inc-563.html
Spherix Incorporated,https://www.drugs.com/manufacturer/spherix-incorporated-134.html
Sprout Pharmaceuticals,https://www.drugs.com/manufacturer/sprout-pharmaceuticals-inc-534.html
St. Renatus,https://www.drugs.com/manufacturer/st-renatus-llc-579.html
Stiefel Laboratories,https://www.drugs.com/manufacturer/stiefel-laboratories-inc-168.html
Summers Laboratories,https://www.drugs.com/manufacturer/summers-laboratories-135.html
Sun Pharmaceutical Industries,https://www.drugs.com/manufacturer/sun-pharmaceutical-industries-inc-239.html
Sunovion Pharmaceuticals,https://www.drugs.com/manufacturer/sunovion-pharmaceuticals-inc-276.html
Sunrise Pharmaceutical,https://www.drugs.com/manufacturer/sunrise-pharmaceutical-inc-553.html
Symbiomix Therapeutics,https://www.drugs.com/manufacturer/symbiomix-therapeutics-llc-607.html
Synergy Pharmaceuticals,https://www.drugs.com/manufacturer/synergy-pharmaceuticals-inc-591.html
Synthetic Biologics,https://www.drugs.com/manufacturer/synthetic-biologics-inc-8.html
Synthon Pharmaceuticals,https://www.drugs.com/manufacturer/synthon-pharmaceuticals-inc-296.html
Tagi Pharma,https://www.drugs.com/manufacturer/tagi-pharma-inc-463.html
Taiho Oncology,https://www.drugs.com/manufacturer/taiho-oncology-inc-544.html
Takeda Pharmaceutical Company Limited,https://www.drugs.com/manufacturer/takeda-pharmaceutical-company-limited-137.html
Targanta Therapeutics Corporation,https://www.drugs.com/manufacturer/targanta-therapeutics-corporation-138.html
Taro Pharmaceuticals USA,https://www.drugs.com/manufacturer/taro-pharmaceuticals-usa-inc-139.html
Tesaro,https://www.drugs.com/manufacturer/tesaro-inc-538.html
Teva Pharmaceuticals USA,https://www.drugs.com/manufacturer/teva-pharmaceuticals-usa-inc-140.html
The Medicines Company,https://www.drugs.com/manufacturer/the-medicines-company-529.html
Ther-Rx Corporation,https://www.drugs.com/manufacturer/ther-rx-corporation-300.html
TherapeuticsMD,https://www.drugs.com/manufacturer/therapeuticsmd-inc-633.html
Theravance,https://www.drugs.com/manufacturer/theravance-inc-141.html
Titan Pharmaceuticals,https://www.drugs.com/manufacturer/titan-pharmaceuticals-inc-573.html
Tolmar Pharmaceuticals,https://www.drugs.com/manufacturer/tolmar-pharmaceuticals-inc-154.html
Torrent Pharmaceuticals Limited,https://www.drugs.com/manufacturer/torrent-pharmaceuticals-limited-181.html
Tris Pharma,https://www.drugs.com/manufacturer/tris-pharma-inc-548.html
"UCB, Inc.",https://www.drugs.com/manufacturer/ucb-inc-144.html
Ultragenyx Pharmaceutical,https://www.drugs.com/manufacturer/ultragenyx-pharmaceutical-inc-610.html
Unichem Pharmaceuticals (USA),https://www.drugs.com/manufacturer/unichem-pharmaceuticals-usa-inc-284.html
United Therapeutics Corporation,https://www.drugs.com/manufacturer/united-therapeutics-corporation-434.html
Upjohn,https://www.drugs.com/manufacturer/upjohn-506.html
Upsher-Smith Laboratories,https://www.drugs.com/manufacturer/upsher-smith-laboratories-inc-145.html
URL Pharma,https://www.drugs.com/manufacturer/url-pharma-inc-146.html
US WorldMeds,https://www.drugs.com/manufacturer/us-worldmeds-llc-625.html
Validus Pharmaceuticals,https://www.drugs.com/manufacturer/validus-pharmaceuticals-llc-227.html
Vanda Pharmaceuticals,https://www.drugs.com/manufacturer/vanda-pharmaceuticals-inc-148.html
Verastem Oncology,https://www.drugs.com/manufacturer/verastem-oncology-631.html
VersaPharm Incorporated,https://www.drugs.com/manufacturer/versapharm-incorporated-274.html
Vertex Pharmaceuticals Incorporated,https://www.drugs.com/manufacturer/vertex-pharmaceuticals-incorporated-149.html
Vertical Pharmaceuticals,https://www.drugs.com/manufacturer/vertical-pharmaceuticals-llc-266.html
Viatris,https://www.drugs.com/manufacturer/viatris-64.html
Vifor Pharma,https://www.drugs.com/manufacturer/vifor-pharma-inc-549.html
ViiV Healthcare,https://www.drugs.com/manufacturer/viiv-healthcare-391.html
ViroPharma,https://www.drugs.com/manufacturer/viropharma-185.html
Vyera Pharmaceuticals,https://www.drugs.com/manufacturer/vyera-pharmaceuticals-llc-545.html
Wallace Pharmaceuticals,https://www.drugs.com/manufacturer/wallace-pharmaceuticals-inc-242.html
Warner Chilcott,https://www.drugs.com/manufacturer/warner-chilcott-167.html
Watson Pharmaceuticals,https://www.drugs.com/manufacturer/watson-pharmaceuticals-inc-150.html
Wellstat Therapeutics Corporation,https://www.drugs.com/manufacturer/wellstat-therapeutics-corporation-540.html
West-Ward Pharmaceuticals,https://www.drugs.com/manufacturer/west-ward-pharmaceuticals-186.html
Windtree Therapeutics,https://www.drugs.com/manufacturer/windtree-therapeutics-inc-45.html
Wockhardt USA,https://www.drugs.com/manufacturer/wockhardt-usa-llc-151.html
Wyeth,https://www.drugs.com/manufacturer/wyeth-159.html
X-GEN Pharmaceuticals,https://www.drugs.com/manufacturer/x-gen-pharmaceuticals-inc-430.html
Xanodyne Pharmaceuticals,https://www.drugs.com/manufacturer/xanodyne-pharmaceuticals-inc-152.html
XenoPort,https://www.drugs.com/manufacturer/xenoport-inc-153.html
Xiromed,https://www.drugs.com/manufacturer/xiromed-llc-642.html
Zogenix,https://www.drugs.com/manufacturer/zogenix-inc-155.html
Zydus Pharmaceuticals (USA),https://www.drugs.com/manufacturer/zydus-pharmaceuticals-usa-inc-157.html
